<?xml version="1.0" encoding="utf-8"?>
<!DOCTYPE install PUBLIC "-//Joomla! 2.5//DTD template 1.0//EN" "https://www.joomla.org/xml/dtd/2.5/template-install.dtd">
<extension version="3.1" type="template" client="site">
	<name>webbase</name>
	<version>1.0</version>
	<creationDate>24/10/2019</creationDate>
	<author>Ilya Alexeev-Demyankov</author>
	<authorEmail>b333@bk.ru</authorEmail>
	<copyright>Copyright (C) 2019 Open Source, Inc. All rights reserved.</copyright>
	<files>
		<filename>wb_modal.php</filename>
		<filename>favicon.ico</filename>
		<filename>index.php</filename>
		<filename>templateDetails.xml</filename>
		<filename>template_preview.png</filename>
		<filename>template_thumbnail.png</filename>
		<folder>html</folder>
		<folder>images</folder>
		<folder>js</folder>
	</files>
	<positions>
		<position>banner</position>
		<position>debug</position>
		<position>position-0</position>
		<position>position-1</position>
		<position>position-2</position>
		<position>position-3</position>
		<position>position-4</position>
		<position>position-5</position>
		<position>position-6</position>
		<position>position-7</position>
		<position>position-8</position>
		<position>position-9</position>
		<position>position-10</position>
		<position>position-11</position>
		<position>position-12</position>
		<position>position-13</position>
		<position>position-14</position>
		<position>footer</position>
	</positions>
</extension>
